{
  "check_the_wiki_for_more_information": "https://qouteall.fun/immptl/wiki/Config-Options",
  "maxPortalLayer": 5,
  "lagAttackProof": true,
  "enableCrossPortalSound": true,
  "pureMirror": false,
  "renderYourselfInPortal": true,
  "correctCrossPortalEntityRendering": true,
  "reducedPortalRendering": false,
  "netherPortalOverlay": false,
  "enableNetherPortalEffect": true,
  "enableClientPerformanceAdjustment": true,
  "clientTolerantVersionMismatchWithServer": false,
  "compatibilityRenderMode": false,
  "checkModInfoFromInternet": true,
  "enableUpdateNotification": true,
  "sharedBlockMeshBufferOptimization": true,
  "enableClippingMechanism": true,
  "visibilityPrediction": true,
  "useDepthClampForPortalRendering": true,
  "enableCrossPortalView": true,
  "portalRenderLimit": 200,
  "doCheckGlError": false,
  "shaderpackWarning": true,
  "portalWandCursorAlignment": 2,
  "saveMemoryInBufferPack": false,
  "initialScreenShown": true,
  "netherPortalMode": "adaptive",
  "endPortalMode": "normal",
  "enableMirrorCreation": true,
  "enableWarning": true,
  "lightVanillaNetherPortalWhenCrouching": true,
  "enableServerPerformanceAdjustment": true,
  "enableDatapackPortalGen": true,
  "indirectLoadingRadiusCap": 8,
  "regularPortalLengthLimit": 64,
  "scaleLimit": 30,
  "easeCreativePermission": true,
  "easeCommandStickPermission": false,
  "portalsChangeGravityByDefault": false,
  "portalWandUsableOnSurvivalMode": false,
  "portalSearchingRange": 128,
  "serverSideNormalChunkLoading": true,
  "teleportationDebug": false,
  "looseMovementCheck": false,
  "chunkPacketDebug": false,
  "enableImmPtlChunkLoading": true,
  "serverTolerantVersionMismatchWithClient": false,
  "serverRejectClientWithoutImmPtl": true,
  "serverTeleportLogging": false,
  "enableCrossPortalInteraction": true,
  "disabledWarnings": [
    "preview",
    "physicsmod",
    "many_mods",
    "collective"
  ]
}