{
    "ModSettings": {
        "first_run": false
    },
    "GuiSettings": {
        "continuous_crafting_saved_value": false
    },
    "AutoRefillSettings": {
        "refill_armor": {
            "value": false
        },
        "refill_before_tool_break": {
            "value": false
        },
        "visual_durability_notification": {
            "value": false
        },
        "type_visual_durability_notification": "CHAT",
        "number_of_notifications": 1,
        "type_visual_replace_failed_notification": "CHAT"
    }
}